Date,Value,Description
2005-01-01,177013.907,"Electricity Net Generation From Coal, All Sectors"
2005-02-01,155818.014,"Electricity Net Generation From Coal, All Sectors"
2005-03-01,163612.7,"Electricity Net Generation From Coal, All Sectors"
2005-04-01,143083.239,"Electricity Net Generation From Coal, All Sectors"
2005-05-01,153957.962,"Electricity Net Generation From Coal, All Sectors"
2005-06-01,174866.997,"Electricity Net Generation From Coal, All Sectors"
2005-07-01,186090.757,"Electricity Net Generation From Coal, All Sectors"
2005-08-01,187573.754,"Electricity Net Generation From Coal, All Sectors"
2005-09-01,171656.215,"Electricity Net Generation From Coal, All Sectors"
2005-10-01,162436.793,"Electricity Net Generation From Coal, All Sectors"
2005-11-01,158797.527,"Electricity Net Generation From Coal, All Sectors"
2005-12-01,177965.18,"Electricity Net Generation From Coal, All Sectors"
2006-01-01,169236.081,"Electricity Net Generation From Coal, All Sectors"
2006-02-01,158616.189,"Electricity Net Generation From Coal, All Sectors"
2006-03-01,161325.115,"Electricity Net Generation From Coal, All Sectors"
2006-04-01,141426.234,"Electricity Net Generation From Coal, All Sectors"
2006-05-01,157009.755,"Electricity Net Generation From Coal, All Sectors"
2006-06-01,169693.478,"Electricity Net Generation From Coal, All Sectors"
2006-07-01,187820.872,"Electricity Net Generation From Coal, All Sectors"
2006-08-01,189454.93,"Electricity Net Generation From Coal, All Sectors"
2006-09-01,161590.354,"Electricity Net Generation From Coal, All Sectors"
2006-10-01,161389.659,"Electricity Net Generation From Coal, All Sectors"
2006-11-01,159439.517,"Electricity Net Generation From Coal, All Sectors"
2006-12-01,173508.951,"Electricity Net Generation From Coal, All Sectors"
2007-01-01,175739.438,"Electricity Net Generation From Coal, All Sectors"
2007-02-01,163602.813,"Electricity Net Generation From Coal, All Sectors"
2007-03-01,159811.074,"Electricity Net Generation From Coal, All Sectors"
2007-04-01,146249.541,"Electricity Net Generation From Coal, All Sectors"
2007-05-01,157513.281,"Electricity Net Generation From Coal, All Sectors"
2007-06-01,173512.884,"Electricity Net Generation From Coal, All Sectors"
2007-07-01,185053.788,"Electricity Net Generation From Coal, All Sectors"
2007-08-01,190134.816,"Electricity Net Generation From Coal, All Sectors"
2007-09-01,169391.273,"Electricity Net Generation From Coal, All Sectors"
2007-10-01,162234.356,"Electricity Net Generation From Coal, All Sectors"
2007-11-01,159382.455,"Electricity Net Generation From Coal, All Sectors"
2007-12-01,173829.866,"Electricity Net Generation From Coal, All Sectors"
2008-01-01,182875.504,"Electricity Net Generation From Coal, All Sectors"
2008-02-01,166666.355,"Electricity Net Generation From Coal, All Sectors"
2008-03-01,160743.243,"Electricity Net Generation From Coal, All Sectors"
2008-04-01,146983.024,"Electricity Net Generation From Coal, All Sectors"
2008-05-01,154915.901,"Electricity Net Generation From Coal, All Sectors"
2008-06-01,171043.279,"Electricity Net Generation From Coal, All Sectors"
2008-07-01,186733.456,"Electricity Net Generation From Coal, All Sectors"
2008-08-01,180576.493,"Electricity Net Generation From Coal, All Sectors"
2008-09-01,161356.347,"Electricity Net Generation From Coal, All Sectors"
2008-10-01,151840.715,"Electricity Net Generation From Coal, All Sectors"
2008-11-01,154281.198,"Electricity Net Generation From Coal, All Sectors"
2008-12-01,167785.73,"Electricity Net Generation From Coal, All Sectors"
2009-01-01,171925.15,"Electricity Net Generation From Coal, All Sectors"
2009-02-01,140915.785,"Electricity Net Generation From Coal, All Sectors"
2009-03-01,135530.328,"Electricity Net Generation From Coal, All Sectors"
2009-04-01,125934.973,"Electricity Net Generation From Coal, All Sectors"
2009-05-01,131673.058,"Electricity Net Generation From Coal, All Sectors"
2009-06-01,148086.771,"Electricity Net Generation From Coal, All Sectors"
2009-07-01,158233.869,"Electricity Net Generation From Coal, All Sectors"
2009-08-01,163260.483,"Electricity Net Generation From Coal, All Sectors"
2009-09-01,137144.648,"Electricity Net Generation From Coal, All Sectors"
2009-10-01,139955.577,"Electricity Net Generation From Coal, All Sectors"
2009-11-01,136809.575,"Electricity Net Generation From Coal, All Sectors"
2009-12-01,166434.036,"Electricity Net Generation From Coal, All Sectors"
2010-01-01,173320.161,"Electricity Net Generation From Coal, All Sectors"
2010-02-01,153044.159,"Electricity Net Generation From Coal, All Sectors"
2010-03-01,144405.633,"Electricity Net Generation From Coal, All Sectors"
2010-04-01,126951.885,"Electricity Net Generation From Coal, All Sectors"
2010-05-01,143272.494,"Electricity Net Generation From Coal, All Sectors"
2010-06-01,165491.489,"Electricity Net Generation From Coal, All Sectors"
2010-07-01,179600.499,"Electricity Net Generation From Coal, All Sectors"
2010-08-01,177745.32,"Electricity Net Generation From Coal, All Sectors"
2010-09-01,148745.672,"Electricity Net Generation From Coal, All Sectors"
2010-10-01,132269.835,"Electricity Net Generation From Coal, All Sectors"
2010-11-01,135185.045,"Electricity Net Generation From Coal, All Sectors"
2010-12-01,167258.086,"Electricity Net Generation From Coal, All Sectors"
2011-01-01,170802.679,"Electricity Net Generation From Coal, All Sectors"
2011-02-01,138311.157,"Electricity Net Generation From Coal, All Sectors"
2011-03-01,134845.231,"Electricity Net Generation From Coal, All Sectors"
2011-04-01,124488.257,"Electricity Net Generation From Coal, All Sectors"
2011-05-01,137101.565,"Electricity Net Generation From Coal, All Sectors"
2011-06-01,158055.213,"Electricity Net Generation From Coal, All Sectors"
2011-07-01,176585.82,"Electricity Net Generation From Coal, All Sectors"
2011-08-01,171280.534,"Electricity Net Generation From Coal, All Sectors"
2011-09-01,140941.149,"Electricity Net Generation From Coal, All Sectors"
2011-10-01,126626.973,"Electricity Net Generation From Coal, All Sectors"
2011-11-01,121462.711,"Electricity Net Generation From Coal, All Sectors"
2011-12-01,132928.716,"Electricity Net Generation From Coal, All Sectors"
2012-01-01,129090.99,"Electricity Net Generation From Coal, All Sectors"
2012-02-01,113872.047,"Electricity Net Generation From Coal, All Sectors"
2012-03-01,105525.547,"Electricity Net Generation From Coal, All Sectors"
2012-04-01,96285.441,"Electricity Net Generation From Coal, All Sectors"
2012-05-01,115982.647,"Electricity Net Generation From Coal, All Sectors"
2012-06-01,131261.036,"Electricity Net Generation From Coal, All Sectors"
2012-07-01,160450.263,"Electricity Net Generation From Coal, All Sectors"
2012-08-01,152181.055,"Electricity Net Generation From Coal, All Sectors"
2012-09-01,125588.608,"Electricity Net Generation From Coal, All Sectors"
2012-10-01,120999.339,"Electricity Net Generation From Coal, All Sectors"
2012-11-01,128727.066,"Electricity Net Generation From Coal, All Sectors"
2012-12-01,134078.908,"Electricity Net Generation From Coal, All Sectors"
2013-01-01,138104.821,"Electricity Net Generation From Coal, All Sectors"
2013-02-01,123546.805,"Electricity Net Generation From Coal, All Sectors"
2013-03-01,130633.56,"Electricity Net Generation From Coal, All Sectors"
2013-04-01,111834.683,"Electricity Net Generation From Coal, All Sectors"
2013-05-01,119512.5,"Electricity Net Generation From Coal, All Sectors"
2013-06-01,138283.216,"Electricity Net Generation From Coal, All Sectors"
2013-07-01,152866.853,"Electricity Net Generation From Coal, All Sectors"
2013-08-01,149426.053,"Electricity Net Generation From Coal, All Sectors"
2013-09-01,133110.437,"Electricity Net Generation From Coal, All Sectors"
2013-10-01,120996.393,"Electricity Net Generation From Coal, All Sectors"
2013-11-01,120939.73,"Electricity Net Generation From Coal, All Sectors"
2013-12-01,141859.665,"Electricity Net Generation From Coal, All Sectors"
2014-01-01,157097.369,"Electricity Net Generation From Coal, All Sectors"
2014-02-01,143294.487,"Electricity Net Generation From Coal, All Sectors"
2014-03-01,136442.601,"Electricity Net Generation From Coal, All Sectors"
2014-04-01,109280.592,"Electricity Net Generation From Coal, All Sectors"
2014-05-01,118785.801,"Electricity Net Generation From Coal, All Sectors"
2014-06-01,137576.922,"Electricity Net Generation From Coal, All Sectors"
2014-07-01,149627.058,"Electricity Net Generation From Coal, All Sectors"
2014-08-01,148451.623,"Electricity Net Generation From Coal, All Sectors"
2014-09-01,126110.385,"Electricity Net Generation From Coal, All Sectors"
2014-10-01,111295.958,"Electricity Net Generation From Coal, All Sectors"
2014-11-01,119127.439,"Electricity Net Generation From Coal, All Sectors"
2014-12-01,124620.116,"Electricity Net Generation From Coal, All Sectors"
2015-01-01,132450.521,"Electricity Net Generation From Coal, All Sectors"
2015-02-01,126976.832,"Electricity Net Generation From Coal, All Sectors"
2015-03-01,108487.539,"Electricity Net Generation From Coal, All Sectors"
2015-04-01,88989.143,"Electricity Net Generation From Coal, All Sectors"
2015-05-01,104584.527,"Electricity Net Generation From Coal, All Sectors"
2015-06-01,125673.114,"Electricity Net Generation From Coal, All Sectors"
2015-07-01,139099.869,"Electricity Net Generation From Coal, All Sectors"
2015-08-01,134670.309,"Electricity Net Generation From Coal, All Sectors"
2015-09-01,117985.632,"Electricity Net Generation From Coal, All Sectors"
2015-10-01,96758.504,"Electricity Net Generation From Coal, All Sectors"
2015-11-01,87227.136,"Electricity Net Generation From Coal, All Sectors"
2015-12-01,89495.073,"Electricity Net Generation From Coal, All Sectors"
2016-01-01,113459.38,"Electricity Net Generation From Coal, All Sectors"
2016-02-01,92704.808,"Electricity Net Generation From Coal, All Sectors"
2016-03-01,72172.527,"Electricity Net Generation From Coal, All Sectors"
2016-04-01,72112.862,"Electricity Net Generation From Coal, All Sectors"
2016-05-01,81694.51,"Electricity Net Generation From Coal, All Sectors"
2016-06-01,116034.384,"Electricity Net Generation From Coal, All Sectors"
2016-07-01,136316.434,"Electricity Net Generation From Coal, All Sectors"
2016-08-01,135634.733,"Electricity Net Generation From Coal, All Sectors"
2016-09-01,114137.768,"Electricity Net Generation From Coal, All Sectors"
2016-10-01,99193.944,"Electricity Net Generation From Coal, All Sectors"
2016-11-01,86940.462,"Electricity Net Generation From Coal, All Sectors"
2016-12-01,118746.842,"Electricity Net Generation From Coal, All Sectors"
2017-01-01,115332.808,"Electricity Net Generation From Coal, All Sectors"
2017-02-01,86822.19,"Electricity Net Generation From Coal, All Sectors"
2017-03-01,89364.62,"Electricity Net Generation From Coal, All Sectors"
2017-04-01,81335.313,"Electricity Net Generation From Coal, All Sectors"
2017-05-01,92776.541,"Electricity Net Generation From Coal, All Sectors"
2017-06-01,107508.322,"Electricity Net Generation From Coal, All Sectors"
2017-07-01,127697.82,"Electricity Net Generation From Coal, All Sectors"
2017-08-01,119488.385,"Electricity Net Generation From Coal, All Sectors"
2017-09-01,98202.046,"Electricity Net Generation From Coal, All Sectors"
2017-10-01,89775.524,"Electricity Net Generation From Coal, All Sectors"
2017-11-01,90986.339,"Electricity Net Generation From Coal, All Sectors"
2017-12-01,106545.367,"Electricity Net Generation From Coal, All Sectors"
2018-01-01,119284.115,"Electricity Net Generation From Coal, All Sectors"
2018-02-01,82050.182,"Electricity Net Generation From Coal, All Sectors"
2018-03-01,80625.663,"Electricity Net Generation From Coal, All Sectors"
2018-04-01,73346.006,"Electricity Net Generation From Coal, All Sectors"
2018-05-01,85227.3,"Electricity Net Generation From Coal, All Sectors"
2018-06-01,101503.427,"Electricity Net Generation From Coal, All Sectors"
2018-07-01,115376.376,"Electricity Net Generation From Coal, All Sectors"
2018-08-01,115129.456,"Electricity Net Generation From Coal, All Sectors"
2018-09-01,96543.992,"Electricity Net Generation From Coal, All Sectors"
2018-10-01,87263.627,"Electricity Net Generation From Coal, All Sectors"
2018-11-01,92818.594,"Electricity Net Generation From Coal, All Sectors"
2018-12-01,100318.6,"Electricity Net Generation From Coal, All Sectors"
2019-01-01,101007.931,"Electricity Net Generation From Coal, All Sectors"
2019-02-01,80104.492,"Electricity Net Generation From Coal, All Sectors"
2019-03-01,78516.404,"Electricity Net Generation From Coal, All Sectors"
2019-04-01,60007.704,"Electricity Net Generation From Coal, All Sectors"
2019-05-01,71882.572,"Electricity Net Generation From Coal, All Sectors"
2019-06-01,78609.515,"Electricity Net Generation From Coal, All Sectors"
2019-07-01,100981.204,"Electricity Net Generation From Coal, All Sectors"
2019-08-01,94177.218,"Electricity Net Generation From Coal, All Sectors"
2019-09-01,85918.411,"Electricity Net Generation From Coal, All Sectors"
2019-10-01,66828.543,"Electricity Net Generation From Coal, All Sectors"
2019-11-01,75560.454,"Electricity Net Generation From Coal, All Sectors"
2019-12-01,72553.902,"Electricity Net Generation From Coal, All Sectors"
2005-01-01,12190.178,"Electricity Net Generation From Petroleum, All Sectors"
2005-02-01,7314.51,"Electricity Net Generation From Petroleum, All Sectors"
2005-03-01,8351.9,"Electricity Net Generation From Petroleum, All Sectors"
2005-04-01,6952.153,"Electricity Net Generation From Petroleum, All Sectors"
2005-05-01,6713.918,"Electricity Net Generation From Petroleum, All Sectors"
2005-06-01,10783.859,"Electricity Net Generation From Petroleum, All Sectors"
2005-07-01,13033.243,"Electricity Net Generation From Petroleum, All Sectors"
2005-08-01,14527.519,"Electricity Net Generation From Petroleum, All Sectors"
2005-09-01,12279.15,"Electricity Net Generation From Petroleum, All Sectors"
2005-10-01,10177.971,"Electricity Net Generation From Petroleum, All Sectors"
2005-11-01,6867.442,"Electricity Net Generation From Petroleum, All Sectors"
2005-12-01,13033.172,"Electricity Net Generation From Petroleum, All Sectors"
2006-01-01,6135.957,"Electricity Net Generation From Petroleum, All Sectors"
2006-02-01,4923.427,"Electricity Net Generation From Petroleum, All Sectors"
2006-03-01,4013.464,"Electricity Net Generation From Petroleum, All Sectors"
2006-04-01,4690.155,"Electricity Net Generation From Petroleum, All Sectors"
2006-05-01,4419.887,"Electricity Net Generation From Petroleum, All Sectors"
2006-06-01,5766.446,"Electricity Net Generation From Petroleum, All Sectors"
2006-07-01,7002.078,"Electricity Net Generation From Petroleum, All Sectors"
2006-08-01,8359.695,"Electricity Net Generation From Petroleum, All Sectors"
2006-09-01,4645.373,"Electricity Net Generation From Petroleum, All Sectors"
2006-10-01,4892.61,"Electricity Net Generation From Petroleum, All Sectors"
2006-11-01,4746.863,"Electricity Net Generation From Petroleum, All Sectors"
2006-12-01,4570.461,"Electricity Net Generation From Petroleum, All Sectors"
2007-01-01,5994.168,"Electricity Net Generation From Petroleum, All Sectors"
2007-02-01,8883.674,"Electricity Net Generation From Petroleum, All Sectors"
2007-03-01,5415.643,"Electricity Net Generation From Petroleum, All Sectors"
2007-04-01,5080.29,"Electricity Net Generation From Petroleum, All Sectors"
2007-05-01,4873.443,"Electricity Net Generation From Petroleum, All Sectors"
2007-06-01,5777.045,"Electricity Net Generation From Petroleum, All Sectors"
2007-07-01,5493.795,"Electricity Net Generation From Petroleum, All Sectors"
2007-08-01,7186.621,"Electricity Net Generation From Petroleum, All Sectors"
2007-09-01,4935.786,"Electricity Net Generation From Petroleum, All Sectors"
2007-10-01,4746.874,"Electricity Net Generation From Petroleum, All Sectors"
2007-11-01,3136.467,"Electricity Net Generation From Petroleum, All Sectors"
2007-12-01,4215.171,"Electricity Net Generation From Petroleum, All Sectors"
2008-01-01,4497.816,"Electricity Net Generation From Petroleum, All Sectors"
2008-02-01,3669.344,"Electricity Net Generation From Petroleum, All Sectors"
2008-03-01,3151.5,"Electricity Net Generation From Petroleum, All Sectors"
2008-04-01,3400.463,"Electricity Net Generation From Petroleum, All Sectors"
2008-05-01,3397.928,"Electricity Net Generation From Petroleum, All Sectors"
2008-06-01,4961.967,"Electricity Net Generation From Petroleum, All Sectors"
2008-07-01,4156.6,"Electricity Net Generation From Petroleum, All Sectors"
2008-08-01,3810.829,"Electricity Net Generation From Petroleum, All Sectors"
2008-09-01,4170.995,"Electricity Net Generation From Petroleum, All Sectors"
2008-10-01,3286.13,"Electricity Net Generation From Petroleum, All Sectors"
2008-11-01,3345.161,"Electricity Net Generation From Petroleum, All Sectors"
2008-12-01,4393.879,"Electricity Net Generation From Petroleum, All Sectors"
2009-01-01,6103.606,"Electricity Net Generation From Petroleum, All Sectors"
2009-02-01,3317.74,"Electricity Net Generation From Petroleum, All Sectors"
2009-03-01,3349.302,"Electricity Net Generation From Petroleum, All Sectors"
2009-04-01,2806.622,"Electricity Net Generation From Petroleum, All Sectors"
2009-05-01,3208.707,"Electricity Net Generation From Petroleum, All Sectors"
2009-06-01,3243.032,"Electricity Net Generation From Petroleum, All Sectors"
2009-07-01,3357.822,"Electricity Net Generation From Petroleum, All Sectors"
2009-08-01,3641.995,"Electricity Net Generation From Petroleum, All Sectors"
2009-09-01,2853.031,"Electricity Net Generation From Petroleum, All Sectors"
2009-10-01,2560.113,"Electricity Net Generation From Petroleum, All Sectors"
2009-11-01,2072.284,"Electricity Net Generation From Petroleum, All Sectors"
2009-12-01,2422.261,"Electricity Net Generation From Petroleum, All Sectors"
2010-01-01,4348.2,"Electricity Net Generation From Petroleum, All Sectors"
2010-02-01,2373.098,"Electricity Net Generation From Petroleum, All Sectors"
2010-03-01,2470.212,"Electricity Net Generation From Petroleum, All Sectors"
2010-04-01,2286.351,"Electricity Net Generation From Petroleum, All Sectors"
2010-05-01,2994.02,"Electricity Net Generation From Petroleum, All Sectors"
2010-06-01,3989.252,"Electricity Net Generation From Petroleum, All Sectors"
2010-07-01,4411.384,"Electricity Net Generation From Petroleum, All Sectors"
2010-08-01,3575.462,"Electricity Net Generation From Petroleum, All Sectors"
2010-09-01,2782.682,"Electricity Net Generation From Petroleum, All Sectors"
2010-10-01,2227.557,"Electricity Net Generation From Petroleum, All Sectors"
2010-11-01,2079.442,"Electricity Net Generation From Petroleum, All Sectors"
2010-12-01,3523.354,"Electricity Net Generation From Petroleum, All Sectors"
2011-01-01,3457.108,"Electricity Net Generation From Petroleum, All Sectors"
2011-02-01,2434.16,"Electricity Net Generation From Petroleum, All Sectors"
2011-03-01,2692.463,"Electricity Net Generation From Petroleum, All Sectors"
2011-04-01,2423.777,"Electricity Net Generation From Petroleum, All Sectors"
2011-05-01,2378.474,"Electricity Net Generation From Petroleum, All Sectors"
2011-06-01,2593.715,"Electricity Net Generation From Petroleum, All Sectors"
2011-07-01,3154.067,"Electricity Net Generation From Petroleum, All Sectors"
2011-08-01,2594.309,"Electricity Net Generation From Petroleum, All Sectors"
2011-09-01,2423.86,"Electricity Net Generation From Petroleum, All Sectors"
2011-10-01,2062.076,"Electricity Net Generation From Petroleum, All Sectors"
2011-11-01,1782.601,"Electricity Net Generation From Petroleum, All Sectors"
2011-12-01,2185.635,"Electricity Net Generation From Petroleum, All Sectors"
2012-01-01,2477.158,"Electricity Net Generation From Petroleum, All Sectors"
2012-02-01,1901.745,"Electricity Net Generation From Petroleum, All Sectors"
2012-03-01,1541.354,"Electricity Net Generation From Petroleum, All Sectors"
2012-04-01,1503.233,"Electricity Net Generation From Petroleum, All Sectors"
2012-05-01,1729.816,"Electricity Net Generation From Petroleum, All Sectors"
2012-06-01,2067.697,"Electricity Net Generation From Petroleum, All Sectors"
2012-07-01,2339.699,"Electricity Net Generation From Petroleum, All Sectors"
2012-08-01,2117.982,"Electricity Net Generation From Petroleum, All Sectors"
2012-09-01,1860.197,"Electricity Net Generation From Petroleum, All Sectors"
2012-10-01,1805.124,"Electricity Net Generation From Petroleum, All Sectors"
2012-11-01,1809.861,"Electricity Net Generation From Petroleum, All Sectors"
2012-12-01,2035.674,"Electricity Net Generation From Petroleum, All Sectors"
2013-01-01,2774.72,"Electricity Net Generation From Petroleum, All Sectors"
2013-02-01,1997.086,"Electricity Net Generation From Petroleum, All Sectors"
2013-03-01,1997.037,"Electricity Net Generation From Petroleum, All Sectors"
2013-04-01,1885.463,"Electricity Net Generation From Petroleum, All Sectors"
2013-05-01,2411.588,"Electricity Net Generation From Petroleum, All Sectors"
2013-06-01,2342.07,"Electricity Net Generation From Petroleum, All Sectors"
2013-07-01,2812.306,"Electricity Net Generation From Petroleum, All Sectors"
2013-08-01,2448.499,"Electricity Net Generation From Petroleum, All Sectors"
2013-09-01,2186.182,"Electricity Net Generation From Petroleum, All Sectors"
2013-10-01,2018.436,"Electricity Net Generation From Petroleum, All Sectors"
2013-11-01,1839.734,"Electricity Net Generation From Petroleum, All Sectors"
2013-12-01,2451.324,"Electricity Net Generation From Petroleum, All Sectors"
2014-01-01,7071.556,"Electricity Net Generation From Petroleum, All Sectors"
2014-02-01,2762.805,"Electricity Net Generation From Petroleum, All Sectors"
2014-03-01,3187.887,"Electricity Net Generation From Petroleum, All Sectors"
2014-04-01,1753.197,"Electricity Net Generation From Petroleum, All Sectors"
2014-05-01,2043.959,"Electricity Net Generation From Petroleum, All Sectors"
2014-06-01,2020.594,"Electricity Net Generation From Petroleum, All Sectors"
2014-07-01,2042.143,"Electricity Net Generation From Petroleum, All Sectors"
2014-08-01,2050.309,"Electricity Net Generation From Petroleum, All Sectors"
2014-09-01,1948.466,"Electricity Net Generation From Petroleum, All Sectors"
2014-10-01,1517.731,"Electricity Net Generation From Petroleum, All Sectors"
2014-11-01,1738.049,"Electricity Net Generation From Petroleum, All Sectors"
2014-12-01,2095.166,"Electricity Net Generation From Petroleum, All Sectors"
2015-01-01,2972.967,"Electricity Net Generation From Petroleum, All Sectors"
2015-02-01,6320.621,"Electricity Net Generation From Petroleum, All Sectors"
2015-03-01,1778.491,"Electricity Net Generation From Petroleum, All Sectors"
2015-04-01,1727.682,"Electricity Net Generation From Petroleum, All Sectors"
2015-05-01,1938.775,"Electricity Net Generation From Petroleum, All Sectors"
2015-06-01,1860.497,"Electricity Net Generation From Petroleum, All Sectors"
2015-07-01,2304.18,"Electricity Net Generation From Petroleum, All Sectors"
2015-08-01,2133.207,"Electricity Net Generation From Petroleum, All Sectors"
2015-09-01,2034.306,"Electricity Net Generation From Petroleum, All Sectors"
2015-10-01,1771.192,"Electricity Net Generation From Petroleum, All Sectors"
2015-11-01,1709.888,"Electricity Net Generation From Petroleum, All Sectors"
2015-12-01,1696.944,"Electricity Net Generation From Petroleum, All Sectors"
2016-01-01,2361.453,"Electricity Net Generation From Petroleum, All Sectors"
2016-02-01,2209.303,"Electricity Net Generation From Petroleum, All Sectors"
2016-03-01,1801.055,"Electricity Net Generation From Petroleum, All Sectors"
2016-04-01,1839.05,"Electricity Net Generation From Petroleum, All Sectors"
2016-05-01,1958.154,"Electricity Net Generation From Petroleum, All Sectors"
2016-06-01,1976.789,"Electricity Net Generation From Petroleum, All Sectors"
2016-07-01,2321.549,"Electricity Net Generation From Petroleum, All Sectors"
2016-08-01,2335.463,"Electricity Net Generation From Petroleum, All Sectors"
2016-09-01,1926.135,"Electricity Net Generation From Petroleum, All Sectors"
2016-10-01,1571.377,"Electricity Net Generation From Petroleum, All Sectors"
2016-11-01,1869.072,"Electricity Net Generation From Petroleum, All Sectors"
2016-12-01,2035.406,"Electricity Net Generation From Petroleum, All Sectors"
2017-01-01,2045.775,"Electricity Net Generation From Petroleum, All Sectors"
2017-02-01,1591.883,"Electricity Net Generation From Petroleum, All Sectors"
2017-03-01,1655.495,"Electricity Net Generation From Petroleum, All Sectors"
2017-04-01,1290.668,"Electricity Net Generation From Petroleum, All Sectors"
2017-05-01,1816.995,"Electricity Net Generation From Petroleum, All Sectors"
2017-06-01,1892.864,"Electricity Net Generation From Petroleum, All Sectors"
2017-07-01,1809.594,"Electricity Net Generation From Petroleum, All Sectors"
2017-08-01,1733.107,"Electricity Net Generation From Petroleum, All Sectors"
2017-09-01,1643.037,"Electricity Net Generation From Petroleum, All Sectors"
2017-10-01,1545.345,"Electricity Net Generation From Petroleum, All Sectors"
2017-11-01,1669.858,"Electricity Net Generation From Petroleum, All Sectors"
2017-12-01,2695.323,"Electricity Net Generation From Petroleum, All Sectors"
2018-01-01,6519.897,"Electricity Net Generation From Petroleum, All Sectors"
2018-02-01,1557.624,"Electricity Net Generation From Petroleum, All Sectors"
2018-03-01,1471.84,"Electricity Net Generation From Petroleum, All Sectors"
2018-04-01,1538.279,"Electricity Net Generation From Petroleum, All Sectors"
2018-05-01,1556.805,"Electricity Net Generation From Petroleum, All Sectors"
2018-06-01,1900.568,"Electricity Net Generation From Petroleum, All Sectors"
2018-07-01,1901.008,"Electricity Net Generation From Petroleum, All Sectors"
2018-08-01,1926.706,"Electricity Net Generation From Petroleum, All Sectors"
2018-09-01,1854.029,"Electricity Net Generation From Petroleum, All Sectors"
2018-10-01,1576.709,"Electricity Net Generation From Petroleum, All Sectors"
2018-11-01,1661.133,"Electricity Net Generation From Petroleum, All Sectors"
2018-12-01,1761.02,"Electricity Net Generation From Petroleum, All Sectors"
2019-01-01,2198.078,"Electricity Net Generation From Petroleum, All Sectors"
2019-02-01,1552.487,"Electricity Net Generation From Petroleum, All Sectors"
2019-03-01,1461.997,"Electricity Net Generation From Petroleum, All Sectors"
2019-04-01,1234.403,"Electricity Net Generation From Petroleum, All Sectors"
2019-05-01,1689.977,"Electricity Net Generation From Petroleum, All Sectors"
2019-06-01,1530.983,"Electricity Net Generation From Petroleum, All Sectors"
2019-07-01,1775.341,"Electricity Net Generation From Petroleum, All Sectors"
2019-08-01,1770.818,"Electricity Net Generation From Petroleum, All Sectors"
2019-09-01,1579.989,"Electricity Net Generation From Petroleum, All Sectors"
2019-10-01,1152.642,"Electricity Net Generation From Petroleum, All Sectors"
2019-11-01,1249.966,"Electricity Net Generation From Petroleum, All Sectors"
2019-12-01,1370.231,"Electricity Net Generation From Petroleum, All Sectors"
2005-01-01,51337.627,"Electricity Net Generation From Natural Gas, All Sectors"
2005-02-01,44912.617,"Electricity Net Generation From Natural Gas, All Sectors"
2005-03-01,51896.973,"Electricity Net Generation From Natural Gas, All Sectors"
2005-04-01,52016.286,"Electricity Net Generation From Natural Gas, All Sectors"
2005-05-01,54826.004,"Electricity Net Generation From Natural Gas, All Sectors"
2005-06-01,75635.493,"Electricity Net Generation From Natural Gas, All Sectors"
2005-07-01,96819.41,"Electricity Net Generation From Natural Gas, All Sectors"
2005-08-01,100786.654,"Electricity Net Generation From Natural Gas, All Sectors"
2005-09-01,73355.483,"Electricity Net Generation From Natural Gas, All Sectors"
2005-10-01,55940.881,"Electricity Net Generation From Natural Gas, All Sectors"
2005-11-01,49440.226,"Electricity Net Generation From Natural Gas, All Sectors"
2005-12-01,53992.601,"Electricity Net Generation From Natural Gas, All Sectors"
2006-01-01,43806.921,"Electricity Net Generation From Natural Gas, All Sectors"
2006-02-01,47408.989,"Electricity Net Generation From Natural Gas, All Sectors"
2006-03-01,54921.742,"Electricity Net Generation From Natural Gas, All Sectors"
2006-04-01,56090.856,"Electricity Net Generation From Natural Gas, All Sectors"
2006-05-01,65585.605,"Electricity Net Generation From Natural Gas, All Sectors"
2006-06-01,81060.21,"Electricity Net Generation From Natural Gas, All Sectors"
2006-07-01,108093.514,"Electricity Net Generation From Natural Gas, All Sectors"
2006-08-01,106591.666,"Electricity Net Generation From Natural Gas, All Sectors"
2006-09-01,72673.348,"Electricity Net Generation From Natural Gas, All Sectors"
2006-10-01,70640.039,"Electricity Net Generation From Natural Gas, All Sectors"
2006-11-01,53439.693,"Electricity Net Generation From Natural Gas, All Sectors"
2006-12-01,56128.186,"Electricity Net Generation From Natural Gas, All Sectors"
2007-01-01,61474.532,"Electricity Net Generation From Natural Gas, All Sectors"
2007-02-01,57622.071,"Electricity Net Generation From Natural Gas, All Sectors"
2007-03-01,56203.821,"Electricity Net Generation From Natural Gas, All Sectors"
2007-04-01,60152.848,"Electricity Net Generation From Natural Gas, All Sectors"
2007-05-01,66469.701,"Electricity Net Generation From Natural Gas, All Sectors"
2007-06-01,81511.451,"Electricity Net Generation From Natural Gas, All Sectors"
2007-07-01,97482.676,"Electricity Net Generation From Natural Gas, All Sectors"
2007-08-01,121338.427,"Electricity Net Generation From Natural Gas, All Sectors"
2007-09-01,88531.615,"Electricity Net Generation From Natural Gas, All Sectors"
2007-10-01,78358.024,"Electricity Net Generation From Natural Gas, All Sectors"
2007-11-01,60636.799,"Electricity Net Generation From Natural Gas, All Sectors"
2007-12-01,66807.828,"Electricity Net Generation From Natural Gas, All Sectors"
2008-01-01,72599.901,"Electricity Net Generation From Natural Gas, All Sectors"
2008-02-01,60042.012,"Electricity Net Generation From Natural Gas, All Sectors"
2008-03-01,62170.58,"Electricity Net Generation From Natural Gas, All Sectors"
2008-04-01,63046.098,"Electricity Net Generation From Natural Gas, All Sectors"
2008-05-01,62270.447,"Electricity Net Generation From Natural Gas, All Sectors"
2008-06-01,84619.977,"Electricity Net Generation From Natural Gas, All Sectors"
2008-07-01,100320.878,"Electricity Net Generation From Natural Gas, All Sectors"
2008-08-01,99673.493,"Electricity Net Generation From Natural Gas, All Sectors"
2008-09-01,79136.03,"Electricity Net Generation From Natural Gas, All Sectors"
2008-10-01,73283.339,"Electricity Net Generation From Natural Gas, All Sectors"
2008-11-01,61454.199,"Electricity Net Generation From Natural Gas, All Sectors"
2008-12-01,64363.646,"Electricity Net Generation From Natural Gas, All Sectors"
2009-01-01,66390.113,"Electricity Net Generation From Natural Gas, All Sectors"
2009-02-01,62138.853,"Electricity Net Generation From Natural Gas, All Sectors"
2009-03-01,68202.743,"Electricity Net Generation From Natural Gas, All Sectors"
2009-04-01,61158.674,"Electricity Net Generation From Natural Gas, All Sectors"
2009-05-01,68145.647,"Electricity Net Generation From Natural Gas, All Sectors"
2009-06-01,84205.182,"Electricity Net Generation From Natural Gas, All Sectors"
2009-07-01,101893.833,"Electricity Net Generation From Natural Gas, All Sectors"
2009-08-01,109239.554,"Electricity Net Generation From Natural Gas, All Sectors"
2009-09-01,92126.618,"Electricity Net Generation From Natural Gas, All Sectors"
2009-10-01,72602.726,"Electricity Net Generation From Natural Gas, All Sectors"
2009-11-01,63285.132,"Electricity Net Generation From Natural Gas, All Sectors"
2009-12-01,71589.607,"Electricity Net Generation From Natural Gas, All Sectors"
2010-01-01,74172.736,"Electricity Net Generation From Natural Gas, All Sectors"
2010-02-01,66198.08,"Electricity Net Generation From Natural Gas, All Sectors"
2010-03-01,63430.66,"Electricity Net Generation From Natural Gas, All Sectors"
2010-04-01,64644.025,"Electricity Net Generation From Natural Gas, All Sectors"
2010-05-01,73665.438,"Electricity Net Generation From Natural Gas, All Sectors"
2010-06-01,92268.431,"Electricity Net Generation From Natural Gas, All Sectors"
2010-07-01,114624.202,"Electricity Net Generation From Natural Gas, All Sectors"
2010-08-01,121151.269,"Electricity Net Generation From Natural Gas, All Sectors"
2010-09-01,93004.177,"Electricity Net Generation From Natural Gas, All Sectors"
2010-10-01,77738.337,"Electricity Net Generation From Natural Gas, All Sectors"
2010-11-01,69226.56,"Electricity Net Generation From Natural Gas, All Sectors"
2010-12-01,77573.32,"Electricity Net Generation From Natural Gas, All Sectors"
2011-01-01,74254.334,"Electricity Net Generation From Natural Gas, All Sectors"
2011-02-01,65923.983,"Electricity Net Generation From Natural Gas, All Sectors"
2011-03-01,65947.12,"Electricity Net Generation From Natural Gas, All Sectors"
2011-04-01,70028.999,"Electricity Net Generation From Natural Gas, All Sectors"
2011-05-01,75242.797,"Electricity Net Generation From Natural Gas, All Sectors"
2011-06-01,90691.112,"Electricity Net Generation From Natural Gas, All Sectors"
2011-07-01,119623.591,"Electricity Net Generation From Natural Gas, All Sectors"
2011-08-01,119855.793,"Electricity Net Generation From Natural Gas, All Sectors"
2011-09-01,91739.07,"Electricity Net Generation From Natural Gas, All Sectors"
2011-10-01,78819.207,"Electricity Net Generation From Natural Gas, All Sectors"
2011-11-01,75441.298,"Electricity Net Generation From Natural Gas, All Sectors"
2011-12-01,86121.626,"Electricity Net Generation From Natural Gas, All Sectors"
2012-01-01,90760.884,"Electricity Net Generation From Natural Gas, All Sectors"
2012-02-01,90609.782,"Electricity Net Generation From Natural Gas, All Sectors"
2012-03-01,92250.653,"Electricity Net Generation From Natural Gas, All Sectors"
2012-04-01,94828.596,"Electricity Net Generation From Natural Gas, All Sectors"
2012-05-01,107351.812,"Electricity Net Generation From Natural Gas, All Sectors"
2012-06-01,115597.503,"Electricity Net Generation From Natural Gas, All Sectors"
2012-07-01,138862.85,"Electricity Net Generation From Natural Gas, All Sectors"
2012-08-01,131735.864,"Electricity Net Generation From Natural Gas, All Sectors"
2012-09-01,108012.301,"Electricity Net Generation From Natural Gas, All Sectors"
2012-10-01,91725.371,"Electricity Net Generation From Natural Gas, All Sectors"
2012-11-01,80169.461,"Electricity Net Generation From Natural Gas, All Sectors"
2012-12-01,83989.097,"Electricity Net Generation From Natural Gas, All Sectors"
2013-01-01,88559.05,"Electricity Net Generation From Natural Gas, All Sectors"
2013-02-01,80283.074,"Electricity Net Generation From Natural Gas, All Sectors"
2013-03-01,84725.259,"Electricity Net Generation From Natural Gas, All Sectors"
2013-04-01,78036.432,"Electricity Net Generation From Natural Gas, All Sectors"
2013-05-01,83815.592,"Electricity Net Generation From Natural Gas, All Sectors"
2013-06-01,99615.064,"Electricity Net Generation From Natural Gas, All Sectors"
2013-07-01,120770.981,"Electricity Net Generation From Natural Gas, All Sectors"
2013-08-01,121156.397,"Electricity Net Generation From Natural Gas, All Sectors"
2013-09-01,102063.233,"Electricity Net Generation From Natural Gas, All Sectors"
2013-10-01,88587.402,"Electricity Net Generation From Natural Gas, All Sectors"
2013-11-01,84286.785,"Electricity Net Generation From Natural Gas, All Sectors"
2013-12-01,92936.291,"Electricity Net Generation From Natural Gas, All Sectors"
2014-01-01,91060.934,"Electricity Net Generation From Natural Gas, All Sectors"
2014-02-01,75942.314,"Electricity Net Generation From Natural Gas, All Sectors"
2014-03-01,78150.918,"Electricity Net Generation From Natural Gas, All Sectors"
2014-04-01,76781.879,"Electricity Net Generation From Natural Gas, All Sectors"
2014-05-01,89119.677,"Electricity Net Generation From Natural Gas, All Sectors"
2014-06-01,98467.608,"Electricity Net Generation From Natural Gas, All Sectors"
2014-07-01,115081.27,"Electricity Net Generation From Natural Gas, All Sectors"
2014-08-01,122348.423,"Electricity Net Generation From Natural Gas, All Sectors"
2014-09-01,106581.586,"Electricity Net Generation From Natural Gas, All Sectors"
2014-10-01,97683.016,"Electricity Net Generation From Natural Gas, All Sectors"
2014-11-01,84353.513,"Electricity Net Generation From Natural Gas, All Sectors"
2014-12-01,91037.82,"Electricity Net Generation From Natural Gas, All Sectors"
2015-01-01,101687.393,"Electricity Net Generation From Natural Gas, All Sectors"
2015-02-01,91315.165,"Electricity Net Generation From Natural Gas, All Sectors"
2015-03-01,99422.72,"Electricity Net Generation From Natural Gas, All Sectors"
2015-04-01,92805.998,"Electricity Net Generation From Natural Gas, All Sectors"
2015-05-01,101516.355,"Electricity Net Generation From Natural Gas, All Sectors"
2015-06-01,121477.749,"Electricity Net Generation From Natural Gas, All Sectors"
2015-07-01,141119.081,"Electricity Net Generation From Natural Gas, All Sectors"
2015-08-01,139083.754,"Electricity Net Generation From Natural Gas, All Sectors"
2015-09-01,123035.922,"Electricity Net Generation From Natural Gas, All Sectors"
2015-10-01,110005.039,"Electricity Net Generation From Natural Gas, All Sectors"
2015-11-01,102236.255,"Electricity Net Generation From Natural Gas, All Sectors"
2015-12-01,109776.679,"Electricity Net Generation From Natural Gas, All Sectors"
2016-01-01,110043.747,"Electricity Net Generation From Natural Gas, All Sectors"
2016-02-01,98552.179,"Electricity Net Generation From Natural Gas, All Sectors"
2016-03-01,103889.938,"Electricity Net Generation From Natural Gas, All Sectors"
2016-04-01,98875.947,"Electricity Net Generation From Natural Gas, All Sectors"
2016-05-01,110430.192,"Electricity Net Generation From Natural Gas, All Sectors"
2016-06-01,131395.229,"Electricity Net Generation From Natural Gas, All Sectors"
2016-07-01,151553.872,"Electricity Net Generation From Natural Gas, All Sectors"
2016-08-01,154759.673,"Electricity Net Generation From Natural Gas, All Sectors"
2016-09-01,125602.74,"Electricity Net Generation From Natural Gas, All Sectors"
2016-10-01,102897.986,"Electricity Net Generation From Natural Gas, All Sectors"
2016-11-01,93941.835,"Electricity Net Generation From Natural Gas, All Sectors"
2016-12-01,96363.596,"Electricity Net Generation From Natural Gas, All Sectors"
2017-01-01,95572.229,"Electricity Net Generation From Natural Gas, All Sectors"
2017-02-01,82767.651,"Electricity Net Generation From Natural Gas, All Sectors"
2017-03-01,95073.662,"Electricity Net Generation From Natural Gas, All Sectors"
2017-04-01,88455.101,"Electricity Net Generation From Natural Gas, All Sectors"
2017-05-01,98019.311,"Electricity Net Generation From Natural Gas, All Sectors"
2017-06-01,117235.701,"Electricity Net Generation From Natural Gas, All Sectors"
2017-07-01,146929.439,"Electricity Net Generation From Natural Gas, All Sectors"
2017-08-01,141201.138,"Electricity Net Generation From Natural Gas, All Sectors"
2017-09-01,118035.852,"Electricity Net Generation From Natural Gas, All Sectors"
2017-10-01,106826.275,"Electricity Net Generation From Natural Gas, All Sectors"
2017-11-01,94928.341,"Electricity Net Generation From Natural Gas, All Sectors"
2017-12-01,111397.792,"Electricity Net Generation From Natural Gas, All Sectors"
2018-01-01,110292.909,"Electricity Net Generation From Natural Gas, All Sectors"
2018-02-01,98511.852,"Electricity Net Generation From Natural Gas, All Sectors"
2018-03-01,106523.78,"Electricity Net Generation From Natural Gas, All Sectors"
2018-04-01,98371.08,"Electricity Net Generation From Natural Gas, All Sectors"
2018-05-01,115283.982,"Electricity Net Generation From Natural Gas, All Sectors"
2018-06-01,130826.4,"Electricity Net Generation From Natural Gas, All Sectors"
2018-07-01,164749.06,"Electricity Net Generation From Natural Gas, All Sectors"
2018-08-01,161676.241,"Electricity Net Generation From Natural Gas, All Sectors"
2018-09-01,141785.528,"Electricity Net Generation From Natural Gas, All Sectors"
2018-10-01,123142.239,"Electricity Net Generation From Natural Gas, All Sectors"
2018-11-01,108167.635,"Electricity Net Generation From Natural Gas, All Sectors"
2018-12-01,109801.976,"Electricity Net Generation From Natural Gas, All Sectors"
2019-01-01,119306.715,"Electricity Net Generation From Natural Gas, All Sectors"
2019-02-01,111004.764,"Electricity Net Generation From Natural Gas, All Sectors"
2019-03-01,112945.074,"Electricity Net Generation From Natural Gas, All Sectors"
2019-04-01,103005.959,"Electricity Net Generation From Natural Gas, All Sectors"
2019-05-01,116236.162,"Electricity Net Generation From Natural Gas, All Sectors"
2019-06-01,136993.984,"Electricity Net Generation From Natural Gas, All Sectors"
2019-07-01,174340.987,"Electricity Net Generation From Natural Gas, All Sectors"
2019-08-01,176457.797,"Electricity Net Generation From Natural Gas, All Sectors"
2019-09-01,150752.719,"Electricity Net Generation From Natural Gas, All Sectors"
2019-10-01,133667.036,"Electricity Net Generation From Natural Gas, All Sectors"
2019-11-01,117762.159,"Electricity Net Generation From Natural Gas, All Sectors"
2019-12-01,129341.72,"Electricity Net Generation From Natural Gas, All Sectors"
2005-01-01,1126.191,"Electricity Net Generation From Other Gases, All Sectors"
2005-02-01,1076.051,"Electricity Net Generation From Other Gases, All Sectors"
2005-03-01,1214.487,"Electricity Net Generation From Other Gases, All Sectors"
2005-04-01,1121.459,"Electricity Net Generation From Other Gases, All Sectors"
2005-05-01,1191.303,"Electricity Net Generation From Other Gases, All Sectors"
2005-06-01,1149.14,"Electricity Net Generation From Other Gases, All Sectors"
2005-07-01,1160.882,"Electricity Net Generation From Other Gases, All Sectors"
2005-08-01,1171.811,"Electricity Net Generation From Other Gases, All Sectors"
2005-09-01,1145.276,"Electricity Net Generation From Other Gases, All Sectors"
2005-10-01,1080.067,"Electricity Net Generation From Other Gases, All Sectors"
2005-11-01,965.19,"Electricity Net Generation From Other Gases, All Sectors"
2005-12-01,1062.287,"Electricity Net Generation From Other Gases, All Sectors"
2006-01-01,1156.888,"Electricity Net Generation From Other Gases, All Sectors"
2006-02-01,1113.774,"Electricity Net Generation From Other Gases, All Sectors"
2006-03-01,1233.513,"Electricity Net Generation From Other Gases, All Sectors"
2006-04-01,1180.022,"Electricity Net Generation From Other Gases, All Sectors"
2006-05-01,1295.444,"Electricity Net Generation From Other Gases, All Sectors"
2006-06-01,1167.067,"Electricity Net Generation From Other Gases, All Sectors"
2006-07-01,1267.284,"Electricity Net Generation From Other Gases, All Sectors"
2006-08-01,1291.592,"Electricity Net Generation From Other Gases, All Sectors"
2006-09-01,1152.884,"Electricity Net Generation From Other Gases, All Sectors"
2006-10-01,1185.392,"Electricity Net Generation From Other Gases, All Sectors"
2006-11-01,1064.601,"Electricity Net Generation From Other Gases, All Sectors"
2006-12-01,1068.348,"Electricity Net Generation From Other Gases, All Sectors"
2007-01-01,1154.119,"Electricity Net Generation From Other Gases, All Sectors"
2007-02-01,981.405,"Electricity Net Generation From Other Gases, All Sectors"
2007-03-01,1233.891,"Electricity Net Generation From Other Gases, All Sectors"
2007-04-01,1163.092,"Electricity Net Generation From Other Gases, All Sectors"
2007-05-01,1174.573,"Electricity Net Generation From Other Gases, All Sectors"
2007-06-01,1153.691,"Electricity Net Generation From Other Gases, All Sectors"
2007-07-01,1154.127,"Electricity Net Generation From Other Gases, All Sectors"
2007-08-01,1131.65,"Electricity Net Generation From Other Gases, All Sectors"
2007-09-01,1119.735,"Electricity Net Generation From Other Gases, All Sectors"
2007-10-01,1133.549,"Electricity Net Generation From Other Gases, All Sectors"
2007-11-01,1031.212,"Electricity Net Generation From Other Gases, All Sectors"
2007-12-01,1022.31,"Electricity Net Generation From Other Gases, All Sectors"
2008-01-01,1063.171,"Electricity Net Generation From Other Gases, All Sectors"
2008-02-01,972.332,"Electricity Net Generation From Other Gases, All Sectors"
2008-03-01,1049.452,"Electricity Net Generation From Other Gases, All Sectors"
2008-04-01,1021.23,"Electricity Net Generation From Other Gases, All Sectors"
2008-05-01,1043.991,"Electricity Net Generation From Other Gases, All Sectors"
2008-06-01,1132.189,"Electricity Net Generation From Other Gases, All Sectors"
2008-07-01,1174.4,"Electricity Net Generation From Other Gases, All Sectors"
2008-08-01,1146.944,"Electricity Net Generation From Other Gases, All Sectors"
2008-09-01,822.953,"Electricity Net Generation From Other Gases, All Sectors"
2008-10-01,806.078,"Electricity Net Generation From Other Gases, All Sectors"
2008-11-01,720.951,"Electricity Net Generation From Other Gases, All Sectors"
2008-12-01,753.185,"Electricity Net Generation From Other Gases, All Sectors"
2009-01-01,806.743,"Electricity Net Generation From Other Gases, All Sectors"
2009-02-01,783.979,"Electricity Net Generation From Other Gases, All Sectors"
2009-03-01,834.474,"Electricity Net Generation From Other Gases, All Sectors"
2009-04-01,757.875,"Electricity Net Generation From Other Gases, All Sectors"
2009-05-01,772.676,"Electricity Net Generation From Other Gases, All Sectors"
2009-06-01,875.787,"Electricity Net Generation From Other Gases, All Sectors"
2009-07-01,966.258,"Electricity Net Generation From Other Gases, All Sectors"
2009-08-01,1011.646,"Electricity Net Generation From Other Gases, All Sectors"
2009-09-01,1022.27,"Electricity Net Generation From Other Gases, All Sectors"
2009-10-01,959.788,"Electricity Net Generation From Other Gases, All Sectors"
2009-11-01,910.432,"Electricity Net Generation From Other Gases, All Sectors"
2009-12-01,930.179,"Electricity Net Generation From Other Gases, All Sectors"
2010-01-01,909.391,"Electricity Net Generation From Other Gases, All Sectors"
2010-02-01,825.156,"Electricity Net Generation From Other Gases, All Sectors"
2010-03-01,1009.675,"Electricity Net Generation From Other Gases, All Sectors"
2010-04-01,942.625,"Electricity Net Generation From Other Gases, All Sectors"
2010-05-01,1017.214,"Electricity Net Generation From Other Gases, All Sectors"
2010-06-01,964.284,"Electricity Net Generation From Other Gases, All Sectors"
2010-07-01,963.07,"Electricity Net Generation From Other Gases, All Sectors"
2010-08-01,1060.909,"Electricity Net Generation From Other Gases, All Sectors"
2010-09-01,953.692,"Electricity Net Generation From Other Gases, All Sectors"
2010-10-01,807.935,"Electricity Net Generation From Other Gases, All Sectors"
2010-11-01,907.138,"Electricity Net Generation From Other Gases, All Sectors"
2010-12-01,951.698,"Electricity Net Generation From Other Gases, All Sectors"
2011-01-01,929.788,"Electricity Net Generation From Other Gases, All Sectors"
2011-02-01,807.475,"Electricity Net Generation From Other Gases, All Sectors"
2011-03-01,945.344,"Electricity Net Generation From Other Gases, All Sectors"
2011-04-01,917.536,"Electricity Net Generation From Other Gases, All Sectors"
2011-05-01,874.641,"Electricity Net Generation From Other Gases, All Sectors"
2011-06-01,1012.788,"Electricity Net Generation From Other Gases, All Sectors"
2011-07-01,1098.043,"Electricity Net Generation From Other Gases, All Sectors"
2011-08-01,1087.147,"Electricity Net Generation From Other Gases, All Sectors"
2011-09-01,1004.496,"Electricity Net Generation From Other Gases, All Sectors"
2011-10-01,941.066,"Electricity Net Generation From Other Gases, All Sectors"
2011-11-01,942.856,"Electricity Net Generation From Other Gases, All Sectors"
2011-12-01,1005.019,"Electricity Net Generation From Other Gases, All Sectors"
2012-01-01,1016.599,"Electricity Net Generation From Other Gases, All Sectors"
2012-02-01,1044.233,"Electricity Net Generation From Other Gases, All Sectors"
2012-03-01,1076.272,"Electricity Net Generation From Other Gases, All Sectors"
2012-04-01,1057.215,"Electricity Net Generation From Other Gases, All Sectors"
2012-05-01,1002.136,"Electricity Net Generation From Other Gases, All Sectors"
2012-06-01,972.41,"Electricity Net Generation From Other Gases, All Sectors"
2012-07-01,1042.026,"Electricity Net Generation From Other Gases, All Sectors"
2012-08-01,1049.94,"Electricity Net Generation From Other Gases, All Sectors"
2012-09-01,903.67,"Electricity Net Generation From Other Gases, All Sectors"
2012-10-01,894.958,"Electricity Net Generation From Other Gases, All Sectors"
2012-11-01,875.495,"Electricity Net Generation From Other Gases, All Sectors"
2012-12-01,962.63,"Electricity Net Generation From Other Gases, All Sectors"
2013-01-01,1143.596,"Electricity Net Generation From Other Gases, All Sectors"
2013-02-01,968.226,"Electricity Net Generation From Other Gases, All Sectors"
2013-03-01,1070.052,"Electricity Net Generation From Other Gases, All Sectors"
2013-04-01,1019.726,"Electricity Net Generation From Other Gases, All Sectors"
2013-05-01,1087.94,"Electricity Net Generation From Other Gases, All Sectors"
2013-06-01,1047.531,"Electricity Net Generation From Other Gases, All Sectors"
2013-07-01,1148.253,"Electricity Net Generation From Other Gases, All Sectors"
2013-08-01,1143.066,"Electricity Net Generation From Other Gases, All Sectors"
2013-09-01,1086.627,"Electricity Net Generation From Other Gases, All Sectors"
2013-10-01,1071.518,"Electricity Net Generation From Other Gases, All Sectors"
2013-11-01,1060.373,"Electricity Net Generation From Other Gases, All Sectors"
2013-12-01,1006.028,"Electricity Net Generation From Other Gases, All Sectors"
2014-01-01,932.863,"Electricity Net Generation From Other Gases, All Sectors"
2014-02-01,817.236,"Electricity Net Generation From Other Gases, All Sectors"
2014-03-01,865.6,"Electricity Net Generation From Other Gases, All Sectors"
2014-04-01,854.188,"Electricity Net Generation From Other Gases, All Sectors"
2014-05-01,944.397,"Electricity Net Generation From Other Gases, All Sectors"
2014-06-01,968.675,"Electricity Net Generation From Other Gases, All Sectors"
2014-07-01,1068.642,"Electricity Net Generation From Other Gases, All Sectors"
2014-08-01,1135.134,"Electricity Net Generation From Other Gases, All Sectors"
2014-09-01,1126.369,"Electricity Net Generation From Other Gases, All Sectors"
2014-10-01,1082.258,"Electricity Net Generation From Other Gases, All Sectors"
2014-11-01,1073.455,"Electricity Net Generation From Other Gases, All Sectors"
2014-12-01,1152.97,"Electricity Net Generation From Other Gases, All Sectors"
2015-01-01,1246.343,"Electricity Net Generation From Other Gases, All Sectors"
2015-02-01,1024.98,"Electricity Net Generation From Other Gases, All Sectors"
2015-03-01,1090.601,"Electricity Net Generation From Other Gases, All Sectors"
2015-04-01,979.333,"Electricity Net Generation From Other Gases, All Sectors"
2015-05-01,1098.725,"Electricity Net Generation From Other Gases, All Sectors"
2015-06-01,1117.609,"Electricity Net Generation From Other Gases, All Sectors"
2015-07-01,1235.443,"Electricity Net Generation From Other Gases, All Sectors"
2015-08-01,1195.578,"Electricity Net Generation From Other Gases, All Sectors"
2015-09-01,1210.12,"Electricity Net Generation From Other Gases, All Sectors"
2015-10-01,906.478,"Electricity Net Generation From Other Gases, All Sectors"
2015-11-01,901.669,"Electricity Net Generation From Other Gases, All Sectors"
2015-12-01,1109.818,"Electricity Net Generation From Other Gases, All Sectors"
2016-01-01,1194.85,"Electricity Net Generation From Other Gases, All Sectors"
2016-02-01,1061.558,"Electricity Net Generation From Other Gases, All Sectors"
2016-03-01,1197.353,"Electricity Net Generation From Other Gases, All Sectors"
2016-04-01,1132.001,"Electricity Net Generation From Other Gases, All Sectors"
2016-05-01,1053.317,"Electricity Net Generation From Other Gases, All Sectors"
2016-06-01,1043.219,"Electricity Net Generation From Other Gases, All Sectors"
2016-07-01,1076.852,"Electricity Net Generation From Other Gases, All Sectors"
2016-08-01,1063.922,"Electricity Net Generation From Other Gases, All Sectors"
2016-09-01,1020.329,"Electricity Net Generation From Other Gases, All Sectors"
2016-10-01,913.244,"Electricity Net Generation From Other Gases, All Sectors"
2016-11-01,1013.326,"Electricity Net Generation From Other Gases, All Sectors"
2016-12-01,1037.462,"Electricity Net Generation From Other Gases, All Sectors"
2017-01-01,1046.564,"Electricity Net Generation From Other Gases, All Sectors"
2017-02-01,977.644,"Electricity Net Generation From Other Gases, All Sectors"
2017-03-01,1060.248,"Electricity Net Generation From Other Gases, All Sectors"
2017-04-01,1001.36,"Electricity Net Generation From Other Gases, All Sectors"
2017-05-01,1055.752,"Electricity Net Generation From Other Gases, All Sectors"
2017-06-01,992.976,"Electricity Net Generation From Other Gases, All Sectors"
2017-07-01,1047.488,"Electricity Net Generation From Other Gases, All Sectors"
2017-08-01,1133.26,"Electricity Net Generation From Other Gases, All Sectors"
2017-09-01,1059.443,"Electricity Net Generation From Other Gases, All Sectors"
2017-10-01,998.167,"Electricity Net Generation From Other Gases, All Sectors"
2017-11-01,1001.041,"Electricity Net Generation From Other Gases, All Sectors"
2017-12-01,1095.024,"Electricity Net Generation From Other Gases, All Sectors"
2018-01-01,1096.622,"Electricity Net Generation From Other Gases, All Sectors"
2018-02-01,1092.121,"Electricity Net Generation From Other Gases, All Sectors"
2018-03-01,1158.37,"Electricity Net Generation From Other Gases, All Sectors"
2018-04-01,1098.511,"Electricity Net Generation From Other Gases, All Sectors"
2018-05-01,1167.264,"Electricity Net Generation From Other Gases, All Sectors"
2018-06-01,1091.26,"Electricity Net Generation From Other Gases, All Sectors"
2018-07-01,1171.62,"Electricity Net Generation From Other Gases, All Sectors"
2018-08-01,1301.002,"Electricity Net Generation From Other Gases, All Sectors"
2018-09-01,1104.358,"Electricity Net Generation From Other Gases, All Sectors"
2018-10-01,1016.002,"Electricity Net Generation From Other Gases, All Sectors"
2018-11-01,1045.119,"Electricity Net Generation From Other Gases, All Sectors"
2018-12-01,1120.499,"Electricity Net Generation From Other Gases, All Sectors"
2019-01-01,1114.523,"Electricity Net Generation From Other Gases, All Sectors"
2019-02-01,1110.37,"Electricity Net Generation From Other Gases, All Sectors"
2019-03-01,1250.899,"Electricity Net Generation From Other Gases, All Sectors"
2019-04-01,1071.032,"Electricity Net Generation From Other Gases, All Sectors"
2019-05-01,1101.396,"Electricity Net Generation From Other Gases, All Sectors"
2019-06-01,1025.048,"Electricity Net Generation From Other Gases, All Sectors"
2019-07-01,1289.984,"Electricity Net Generation From Other Gases, All Sectors"
2019-08-01,1202.099,"Electricity Net Generation From Other Gases, All Sectors"
2019-09-01,1138.981,"Electricity Net Generation From Other Gases, All Sectors"
2019-10-01,997.29,"Electricity Net Generation From Other Gases, All Sectors"
2019-11-01,1196.105,"Electricity Net Generation From Other Gases, All Sectors"
2019-12-01,1136.387,"Electricity Net Generation From Other Gases, All Sectors"
2005-01-01,24272.165,"Electricity Net Generation From Conventional Hydroelectric Power, All Sectors"
2005-02-01,21606.774,"Electricity Net Generation From Conventional Hydroelectric Power, All Sectors"
2005-03-01,22936.068,"Electricity Net Generation From Conventional Hydroelectric Power, All Sectors"
2005-04-01,23058.359,"Electricity Net Generation From Conventional Hydroelectric Power, All Sectors"
2005-05-01,27278.511,"Electricity Net Generation From Conventional Hydroelectric Power, All Sectors"
2005-06-01,26782.99,"Electricity Net Generation From Conventional Hydroelectric Power, All Sectors"
2005-07-01,25956.842,"Electricity Net Generation From Conventional Hydroelectric Power, All Sectors"
2005-08-01,21565.679,"Electricity Net Generation From Conventional Hydroelectric Power, All Sectors"
2005-09-01,17363.684,"Electricity Net Generation From Conventional Hydroelectric Power, All Sectors"
2005-10-01,18006.36,"Electricity Net Generation From Conventional Hydroelectric Power, All Sectors"
2005-11-01,19352.668,"Electricity Net Generation From Conventional Hydroelectric Power, All Sectors"
2005-12-01,22141.157,"Electricity Net Generation From Conventional Hydroelectric Power, All Sectors"
2006-01-01,27436.656,"Electricity Net Generation From Conventional Hydroelectric Power, All Sectors"
2006-02-01,24761.683,"Electricity Net Generation From Conventional Hydroelectric Power, All Sectors"
2006-03-01,24624.609,"Electricity Net Generation From Conventional Hydroelectric Power, All Sectors"
2006-04-01,28555.683,"Electricity Net Generation From Conventional Hydroelectric Power, All Sectors"
2006-05-01,30818.443,"Electricity Net Generation From Conventional Hydroelectric Power, All Sectors"
2006-06-01,29757.284,"Electricity Net Generation From Conventional Hydroelectric Power, All Sectors"
2006-07-01,25439.392,"Electricity Net Generation From Conventional Hydroelectric Power, All Sectors"
2006-08-01,21728.354,"Electricity Net Generation From Conventional Hydroelectric Power, All Sectors"
2006-09-01,17201.461,"Electricity Net Generation From Conventional Hydroelectric Power, All Sectors"
2006-10-01,17055.177,"Electricity Net Generation From Conventional Hydroelectric Power, All Sectors"
2006-11-01,20271.723,"Electricity Net Generation From Conventional Hydroelectric Power, All Sectors"
2006-12-01,21595.951,"Electricity Net Generation From Conventional Hydroelectric Power, All Sectors"
2007-01-01,26044.711,"Electricity Net Generation From Conventional Hydroelectric Power, All Sectors"
2007-02-01,18566.633,"Electricity Net Generation From Conventional Hydroelectric Power, All Sectors"
2007-03-01,24163.456,"Electricity Net Generation From Conventional Hydroelectric Power, All Sectors"
2007-04-01,23890.583,"Electricity Net Generation From Conventional Hydroelectric Power, All Sectors"
2007-05-01,26046.976,"Electricity Net Generation From Conventional Hydroelectric Power, All Sectors"
2007-06-01,22816.608,"Electricity Net Generation From Conventional Hydroelectric Power, All Sectors"
2007-07-01,22477.761,"Electricity Net Generation From Conventional Hydroelectric Power, All Sectors"
2007-08-01,19940.551,"Electricity Net Generation From Conventional Hydroelectric Power, All Sectors"
2007-09-01,14742.534,"Electricity Net Generation From Conventional Hydroelectric Power, All Sectors"
2007-10-01,14796.434,"Electricity Net Generation From Conventional Hydroelectric Power, All Sectors"
2007-11-01,15682.053,"Electricity Net Generation From Conventional Hydroelectric Power, All Sectors"
2007-12-01,18341.675,"Electricity Net Generation From Conventional Hydroelectric Power, All Sectors"
2008-01-01,20779.131,"Electricity Net Generation From Conventional Hydroelectric Power, All Sectors"
2008-02-01,18788.886,"Electricity Net Generation From Conventional Hydroelectric Power, All Sectors"
2008-03-01,21668.938,"Electricity Net Generation From Conventional Hydroelectric Power, All Sectors"
2008-04-01,22233.932,"Electricity Net Generation From Conventional Hydroelectric Power, All Sectors"
2008-05-01,27221.147,"Electricity Net Generation From Conventional Hydroelectric Power, All Sectors"
2008-06-01,29177.427,"Electricity Net Generation From Conventional Hydroelectric Power, All Sectors"
2008-07-01,25555.086,"Electricity Net Generation From Conventional Hydroelectric Power, All Sectors"
2008-08-01,21229.277,"Electricity Net Generation From Conventional Hydroelectric Power, All Sectors"
2008-09-01,16178.192,"Electricity Net Generation From Conventional Hydroelectric Power, All Sectors"
2008-10-01,15469.942,"Electricity Net Generation From Conventional Hydroelectric Power, All Sectors"
2008-11-01,15667.934,"Electricity Net Generation From Conventional Hydroelectric Power, All Sectors"
2008-12-01,20861.491,"Electricity Net Generation From Conventional Hydroelectric Power, All Sectors"
2009-01-01,23490.296,"Electricity Net Generation From Conventional Hydroelectric Power, All Sectors"
2009-02-01,17812.032,"Electricity Net Generation From Conventional Hydroelectric Power, All Sectors"
2009-03-01,21827.454,"Electricity Net Generation From Conventional Hydroelectric Power, All Sectors"
2009-04-01,25769.807,"Electricity Net Generation From Conventional Hydroelectric Power, All Sectors"
2009-05-01,29559.655,"Electricity Net Generation From Conventional Hydroelectric Power, All Sectors"
2009-06-01,29233.395,"Electricity Net Generation From Conventional Hydroelectric Power, All Sectors"
2009-07-01,23384.748,"Electricity Net Generation From Conventional Hydroelectric Power, All Sectors"
2009-08-01,19580.417,"Electricity Net Generation From Conventional Hydroelectric Power, All Sectors"
2009-09-01,17358.714,"Electricity Net Generation From Conventional Hydroelectric Power, All Sectors"
2009-10-01,19691.068,"Electricity Net Generation From Conventional Hydroelectric Power, All Sectors"
2009-11-01,21007.701,"Electricity Net Generation From Conventional Hydroelectric Power, All Sectors"
2009-12-01,24729.808,"Electricity Net Generation From Conventional Hydroelectric Power, All Sectors"
2010-01-01,22383.072,"Electricity Net Generation From Conventional Hydroelectric Power, All Sectors"
2010-02-01,20589.83,"Electricity Net Generation From Conventional Hydroelectric Power, All Sectors"
2010-03-01,20885.663,"Electricity Net Generation From Conventional Hydroelectric Power, All Sectors"
2010-04-01,19096.663,"Electricity Net Generation From Conventional Hydroelectric Power, All Sectors"
2010-05-01,25079.217,"Electricity Net Generation From Conventional Hydroelectric Power, All Sectors"
2010-06-01,29853.827,"Electricity Net Generation From Conventional Hydroelectric Power, All Sectors"
2010-07-01,24516.761,"Electricity Net Generation From Conventional Hydroelectric Power, All Sectors"
2010-08-01,20119.232,"Electricity Net Generation From Conventional Hydroelectric Power, All Sectors"
2010-09-01,17265.206,"Electricity Net Generation From Conventional Hydroelectric Power, All Sectors"
2010-10-01,17682.976,"Electricity Net Generation From Conventional Hydroelectric Power, All Sectors"
2010-11-01,19561.55,"Electricity Net Generation From Conventional Hydroelectric Power, All Sectors"
2010-12-01,23169.071,"Electricity Net Generation From Conventional Hydroelectric Power, All Sectors"
2011-01-01,25531.094,"Electricity Net Generation From Conventional Hydroelectric Power, All Sectors"
2011-02-01,24131.226,"Electricity Net Generation From Conventional Hydroelectric Power, All Sectors"
2011-03-01,31134.471,"Electricity Net Generation From Conventional Hydroelectric Power, All Sectors"
2011-04-01,31194.307,"Electricity Net Generation From Conventional Hydroelectric Power, All Sectors"
2011-05-01,32586.926,"Electricity Net Generation From Conventional Hydroelectric Power, All Sectors"
2011-06-01,32151.214,"Electricity Net Generation From Conventional Hydroelectric Power, All Sectors"
2011-07-01,31284.635,"Electricity Net Generation From Conventional Hydroelectric Power, All Sectors"
2011-08-01,25763.578,"Electricity Net Generation From Conventional Hydroelectric Power, All Sectors"
2011-09-01,21377.592,"Electricity Net Generation From Conventional Hydroelectric Power, All Sectors"
2011-10-01,19787.39,"Electricity Net Generation From Conventional Hydroelectric Power, All Sectors"
2011-11-01,20680.527,"Electricity Net Generation From Conventional Hydroelectric Power, All Sectors"
2011-12-01,23731.944,"Electricity Net Generation From Conventional Hydroelectric Power, All Sectors"
2012-01-01,23107.181,"Electricity Net Generation From Conventional Hydroelectric Power, All Sectors"
2012-02-01,20283.421,"Electricity Net Generation From Conventional Hydroelectric Power, All Sectors"
2012-03-01,25908.537,"Electricity Net Generation From Conventional Hydroelectric Power, All Sectors"
2012-04-01,26294.124,"Electricity Net Generation From Conventional Hydroelectric Power, All Sectors"
2012-05-01,28642.515,"Electricity Net Generation From Conventional Hydroelectric Power, All Sectors"
2012-06-01,26658.751,"Electricity Net Generation From Conventional Hydroelectric Power, All Sectors"
2012-07-01,26491.28,"Electricity Net Generation From Conventional Hydroelectric Power, All Sectors"
2012-08-01,23034.015,"Electricity Net Generation From Conventional Hydroelectric Power, All Sectors"
2012-09-01,17603.73,"Electricity Net Generation From Conventional Hydroelectric Power, All Sectors"
2012-10-01,16500.61,"Electricity Net Generation From Conventional Hydroelectric Power, All Sectors"
2012-11-01,18732.352,"Electricity Net Generation From Conventional Hydroelectric Power, All Sectors"
2012-12-01,22983.707,"Electricity Net Generation From Conventional Hydroelectric Power, All Sectors"
2013-01-01,24828.528,"Electricity Net Generation From Conventional Hydroelectric Power, All Sectors"
2013-02-01,20418.465,"Electricity Net Generation From Conventional Hydroelectric Power, All Sectors"
2013-03-01,20534.358,"Electricity Net Generation From Conventional Hydroelectric Power, All Sectors"
2013-04-01,25097.105,"Electricity Net Generation From Conventional Hydroelectric Power, All Sectors"
2013-05-01,28450.094,"Electricity Net Generation From Conventional Hydroelectric Power, All Sectors"
2013-06-01,27384.067,"Electricity Net Generation From Conventional Hydroelectric Power, All Sectors"
2013-07-01,27254.572,"Electricity Net Generation From Conventional Hydroelectric Power, All Sectors"
2013-08-01,21633.316,"Electricity Net Generation From Conventional Hydroelectric Power, All Sectors"
2013-09-01,16961.152,"Electricity Net Generation From Conventional Hydroelectric Power, All Sectors"
2013-10-01,17198.594,"Electricity Net Generation From Conventional Hydroelectric Power, All Sectors"
2013-11-01,17676.834,"Electricity Net Generation From Conventional Hydroelectric Power, All Sectors"
2013-12-01,21128.299,"Electricity Net Generation From Conventional Hydroelectric Power, All Sectors"
2014-01-01,21633.795,"Electricity Net Generation From Conventional Hydroelectric Power, All Sectors"
2014-02-01,17396.129,"Electricity Net Generation From Conventional Hydroelectric Power, All Sectors"
2014-03-01,24257.129,"Electricity Net Generation From Conventional Hydroelectric Power, All Sectors"
2014-04-01,25439.907,"Electricity Net Generation From Conventional Hydroelectric Power, All Sectors"
2014-05-01,26543.885,"Electricity Net Generation From Conventional Hydroelectric Power, All Sectors"
2014-06-01,25743.878,"Electricity Net Generation From Conventional Hydroelectric Power, All Sectors"
2014-07-01,24357.402,"Electricity Net Generation From Conventional Hydroelectric Power, All Sectors"
2014-08-01,19807.247,"Electricity Net Generation From Conventional Hydroelectric Power, All Sectors"
2014-09-01,16074.327,"Electricity Net Generation From Conventional Hydroelectric Power, All Sectors"
2014-10-01,17159.212,"Electricity Net Generation From Conventional Hydroelectric Power, All Sectors"
2014-11-01,18624.923,"Electricity Net Generation From Conventional Hydroelectric Power, All Sectors"
2014-12-01,22328.789,"Electricity Net Generation From Conventional Hydroelectric Power, All Sectors"
2015-01-01,24138.384,"Electricity Net Generation From Conventional Hydroelectric Power, All Sectors"
2015-02-01,22286.076,"Electricity Net Generation From Conventional Hydroelectric Power, All Sectors"
2015-03-01,24280.905,"Electricity Net Generation From Conventional Hydroelectric Power, All Sectors"
2015-04-01,22470.977,"Electricity Net Generation From Conventional Hydroelectric Power, All Sectors"
2015-05-01,20125.416,"Electricity Net Generation From Conventional Hydroelectric Power, All Sectors"
2015-06-01,20414.084,"Electricity Net Generation From Conventional Hydroelectric Power, All Sectors"
2015-07-01,21014.221,"Electricity Net Generation From Conventional Hydroelectric Power, All Sectors"
2015-08-01,19122.105,"Electricity Net Generation From Conventional Hydroelectric Power, All Sectors"
2015-09-01,16094.122,"Electricity Net Generation From Conventional Hydroelectric Power, All Sectors"
2015-10-01,16630.402,"Electricity Net Generation From Conventional Hydroelectric Power, All Sectors"
2015-11-01,19337.831,"Electricity Net Generation From Conventional Hydroelectric Power, All Sectors"
2015-12-01,23165.562,"Electricity Net Generation From Conventional Hydroelectric Power, All Sectors"
2016-01-01,25614.542,"Electricity Net Generation From Conventional Hydroelectric Power, All Sectors"
2016-02-01,24139.015,"Electricity Net Generation From Conventional Hydroelectric Power, All Sectors"
2016-03-01,27389.877,"Electricity Net Generation From Conventional Hydroelectric Power, All Sectors"
2016-04-01,25878.029,"Electricity Net Generation From Conventional Hydroelectric Power, All Sectors"
2016-05-01,25486.381,"Electricity Net Generation From Conventional Hydroelectric Power, All Sectors"
2016-06-01,23236.867,"Electricity Net Generation From Conventional Hydroelectric Power, All Sectors"
2016-07-01,21455.321,"Electricity Net Generation From Conventional Hydroelectric Power, All Sectors"
2016-08-01,19569.549,"Electricity Net Generation From Conventional Hydroelectric Power, All Sectors"
2016-09-01,16367.684,"Electricity Net Generation From Conventional Hydroelectric Power, All Sectors"
2016-10-01,17338.857,"Electricity Net Generation From Conventional Hydroelectric Power, All Sectors"
2016-11-01,18808.265,"Electricity Net Generation From Conventional Hydroelectric Power, All Sectors"
2016-12-01,22527.765,"Electricity Net Generation From Conventional Hydroelectric Power, All Sectors"
2017-01-01,26627.881,"Electricity Net Generation From Conventional Hydroelectric Power, All Sectors"
2017-02-01,23881.765,"Electricity Net Generation From Conventional Hydroelectric Power, All Sectors"
2017-03-01,29613.195,"Electricity Net Generation From Conventional Hydroelectric Power, All Sectors"
2017-04-01,29409.466,"Electricity Net Generation From Conventional Hydroelectric Power, All Sectors"
2017-05-01,32607.115,"Electricity Net Generation From Conventional Hydroelectric Power, All Sectors"
2017-06-01,30575.296,"Electricity Net Generation From Conventional Hydroelectric Power, All Sectors"
2017-07-01,26598.247,"Electricity Net Generation From Conventional Hydroelectric Power, All Sectors"
2017-08-01,22033.856,"Electricity Net Generation From Conventional Hydroelectric Power, All Sectors"
2017-09-01,19151.755,"Electricity Net Generation From Conventional Hydroelectric Power, All Sectors"
2017-10-01,17698.179,"Electricity Net Generation From Conventional Hydroelectric Power, All Sectors"
2017-11-01,19888.334,"Electricity Net Generation From Conventional Hydroelectric Power, All Sectors"
2017-12-01,22247.842,"Electricity Net Generation From Conventional Hydroelectric Power, All Sectors"
2018-01-01,25064.077,"Electricity Net Generation From Conventional Hydroelectric Power, All Sectors"
2018-02-01,24902.258,"Electricity Net Generation From Conventional Hydroelectric Power, All Sectors"
2018-03-01,25860.604,"Electricity Net Generation From Conventional Hydroelectric Power, All Sectors"
2018-04-01,28115.155,"Electricity Net Generation From Conventional Hydroelectric Power, All Sectors"
2018-05-01,30444.284,"Electricity Net Generation From Conventional Hydroelectric Power, All Sectors"
2018-06-01,27597.488,"Electricity Net Generation From Conventional Hydroelectric Power, All Sectors"
2018-07-01,25099.529,"Electricity Net Generation From Conventional Hydroelectric Power, All Sectors"
2018-08-01,22016.905,"Electricity Net Generation From Conventional Hydroelectric Power, All Sectors"
2018-09-01,19165.621,"Electricity Net Generation From Conventional Hydroelectric Power, All Sectors"
2018-10-01,19548.191,"Electricity Net Generation From Conventional Hydroelectric Power, All Sectors"
2018-11-01,21912.716,"Electricity Net Generation From Conventional Hydroelectric Power, All Sectors"
2018-12-01,22797.161,"Electricity Net Generation From Conventional Hydroelectric Power, All Sectors"
2019-01-01,24209.767,"Electricity Net Generation From Conventional Hydroelectric Power, All Sectors"
2019-02-01,21826.166,"Electricity Net Generation From Conventional Hydroelectric Power, All Sectors"
2019-03-01,25546.144,"Electricity Net Generation From Conventional Hydroelectric Power, All Sectors"
2019-04-01,25483.404,"Electricity Net Generation From Conventional Hydroelectric Power, All Sectors"
2019-05-01,30060.652,"Electricity Net Generation From Conventional Hydroelectric Power, All Sectors"
2019-06-01,26468.797,"Electricity Net Generation From Conventional Hydroelectric Power, All Sectors"
2019-07-01,23729.755,"Electricity Net Generation From Conventional Hydroelectric Power, All Sectors"
2019-08-01,21041.242,"Electricity Net Generation From Conventional Hydroelectric Power, All Sectors"
2019-09-01,16323.717,"Electricity Net Generation From Conventional Hydroelectric Power, All Sectors"
2019-10-01,16291.714,"Electricity Net Generation From Conventional Hydroelectric Power, All Sectors"
2019-11-01,20519.976,"Electricity Net Generation From Conventional Hydroelectric Power, All Sectors"
2019-12-01,22206.034,"Electricity Net Generation From Conventional Hydroelectric Power, All Sectors"
